{"H": [[0.0012713882474954933, 4.411757325694144e-05, -2.496128177304488], [-4.282060745631555e-06, 0.001169002583557431, -0.5410940420002479], [1.9560448399058756e-06, 7.608648497124775e-05, 1.0]], "board_roi": [1914, 470, 2790, 1426], "swipe_y": 948}